User Query,Upload Medical Image,output,flag,username,timestamp
"The patient has been experiencing acute neck pain for several weeks. Attached is a scan of the affected area, along with additional images and analyses for context (not from the same patient). Please analyze the scan and provide insights based solely on the patient's symptoms and the attached scan. Focus on the white arrow!",flagged/Upload Medical Image/24fb2a7ad5dece1847ab/neck_test.jpg,"The ultrasound scan provided shows a transverse image of the cervical spine with a focus on the area indicated by the white arrow. The arrow points to a likely abnormality that could be related to the patientâ€™s acute neck pain. Here are some possibilities based on the scan:

1. **Herniated Disc:** If the arrow is indicating a protrusion from the spinal column, this could suggest a cervical disc herniation, which may compress adjacent nerves and cause neck pain.

2. **Soft Tissue Abnormality:** The arrow might be highlighting an irregularity in the soft tissues adjacent to the spine, such as a possible cyst or swelling that could cause discomfort.

3. **Bony Changes:** The arrow could also be pointing to bony structures, indicating potential degenerative changes like osteophytes (bone spurs) that can lead to neck pain.

4. **Inflammatory Processes:** If the arrow is near areas of increased fluid or thickness, it might suggest inflammation or infection.

Further imaging and clinical correlation are recommended for a more definitive diagnosis. An MRI would provide detailed information about soft tissue and nerve involvement, and a CT could help assess bony abnormalities. Laboratory tests may also help rule out infection or inflammatory conditions. 

Please ensure thorough clinical evaluation and consider additional imaging modalities to confirm the suspicion.",,,2024-10-04 04:57:16.113317
